id,name,price,url
0,ティファール 電気ケトル 「ジャスティン プラス」 シンプルモデル ホワイト 1.2L KO340175,6560,https://www.amazon.co.jp/%E3%83%86%E3%82%A3%E3%83%95%E3%82%A1%E3%83%BC%E3%83%AB-%E9%9B%BB%E6%B0%97%E3%82%B1%E3%83%88%E3%83%AB-%E3%80%8C%E3%82%B8%E3%83%A3%E3%82%B9%E3%83%86%E3%82%A3%E3%83%B3-%E3%82%B7%E3%83%B3%E3%83%97%E3%83%AB%E3%83%A2%E3%83%87%E3%83%AB-KO340175/dp/B00LGM4T1W/ref=sr_1_2?__mk_ja_JP=%E3%82%AB%E3%82%BF%E3%82%AB%E3%83%8A&dchild=1&keywords=tfal&qid=1589109264&sr=8-2&th=1
1,Nintendo Switch 本体  Joy-Con(L) ネオンブルー/(R) ネオンレッド,29980,https://www.amazon.co.jp/Nintendo-Switch-%E3%83%8B%E3%83%B3%E3%83%86%E3%83%B3%E3%83%89%E3%83%BC%E3%82%B9%E3%82%A4%E3%83%83%E3%83%81-%E3%83%8D%E3%82%AA%E3%83%B3%E3%83%96%E3%83%AB%E3%83%BC-%E3%83%90%E3%83%83%E3%83%86%E3%83%AA%E3%83%BC%E6%8C%81%E7%B6%9A%E6%99%82%E9%96%93%E3%81%8C%E9%95%B7%E3%81%8F%E3%81%AA%E3%81%A3%E3%81%9F%E3%83%A2%E3%83%87%E3%83%AB/dp/B07WXL5YPW/ref=sr_1_1?__mk_ja_JP=%E3%82%AB%E3%82%BF%E3%82%AB%E3%83%8A&crid=L6BI9CKGKMP0&dchild=1&keywords=swithc+%E6%9C%AC%E4%BD%93&qid=1589109019&sprefix=swith%2Caps%2C282&sr=8-1
2,PlayStation 4 ジェット・ブラック 500GB (CUH-2200AB01),41999,https://www.amazon.co.jp/PlayStation-%E3%82%B8%E3%82%A7%E3%83%83%E3%83%88%E3%83%BB%E3%83%96%E3%83%A9%E3%83%83%E3%82%AF-500GB-CUH-2200AB01-%E3%81%8A%E5%A5%BD%E3%81%8D%E3%81%AA%E3%83%80%E3%82%A6%E3%83%B3%E3%83%AD%E3%83%BC%E3%83%89%E3%82%BD%E3%83%95%E3%83%882%E6%9C%AC%E3%82%BB%E3%83%83%E3%83%88/dp/B07F76K6FJ/ref=sr_1_1?__mk_ja_JP=%E3%82%AB%E3%82%BF%E3%82%AB%E3%83%8A&dchild=1&keywords=%E3%83%97%E3%83%AC%E3%83%BC%E3%82%B9%E3%83%86%E3%83%BC%E3%82%B7%E3%83%A7%E3%83%B34&qid=1589109481&sr=8-1
3,Echo Plus (エコープラス) 第2世代 - スマートスピーカー with Alexa、チャコール,"17,980",https://www.amazon.co.jp/dp/B0794RJSSY/ref=fs_ods_fs_aucc_lid
4,Echo (エコー) 第3世代 - スマートスピーカー with Alexa、チャコール,"11,980",https://www.amazon.co.jp/dp/B07P86XC4P/ref=fs_ods_fs_aucc_pas
5,Echo Dot (エコードット)第3世代 - スマートスピーカー時計付き with Alexa、サンドストーン,6980,https://www.amazon.co.jp/dp/B07NQ8Y8FZ/ref=fs_ods_fs_aucc_doe
6,Echo Flex (エコーフレックス) プラグイン式スマートスピーカー with Alexa,"2,980",https://www.amazon.co.jp/dp/B07PGX7GC9/ref=fs_ods_fs_aucc_cro
7,【Echo Show 5 用】 Amazon純正 角度調節スタンド ブラック,1980,https://www.amazon.co.jp/%E3%80%90Echo-Show-Amazon%E7%B4%94%E6%AD%A3-%E8%A7%92%E5%BA%A6%E8%AA%BF%E7%AF%80%E3%82%B9%E3%82%BF%E3%83%B3%E3%83%89-%E3%83%96%E3%83%A9%E3%83%83%E3%82%AF/dp/B07P7SF9WQ/ref=sr_1_5?__mk_ja_JP=%E3%82%AB%E3%82%BF%E3%82%AB%E3%83%8A&dchild=1&keywords=%E3%80%90Echo+Show+5+%E7%94%A8%E3%80%91+Amazon%E7%B4%94%E6%AD%A3+%E8%A7%92%E5%BA%A6%E8%AA%BF%E7%AF%80%E3%82%B9%E3%82%BF%E3%83%B3%E3%83%89+%E3%83%96%E3%83%A9%E3%83%83%E3%82%AF&qid=1589113137&sr=8-5
8,【Echo Show 5 用】 Amazon純正 角度調節スタンド ホワイト,1980,https://www.amazon.co.jp/%E3%80%90Echo-Show-Amazon%E7%B4%94%E6%AD%A3-%E8%A7%92%E5%BA%A6%E8%AA%BF%E7%AF%80%E3%82%B9%E3%82%BF%E3%83%B3%E3%83%89-%E3%83%9B%E3%83%AF%E3%82%A4%E3%83%88/dp/B07PB2MKXB/ref=sr_1_3?__mk_ja_JP=%E3%82%AB%E3%82%BF%E3%82%AB%E3%83%8A&dchild=1&keywords=%E3%80%90Echo+Show+5+%E7%94%A8%E3%80%91+Amazon%E7%B4%94%E6%AD%A3+%E8%A7%92%E5%BA%A6%E8%AA%BF%E7%AF%80%E3%82%B9%E3%82%BF%E3%83%B3%E3%83%89+%E3%83%9B%E3%83%AF%E3%82%A4%E3%83%88&qid=1589113202&s=amazon-devices&sr=1-3
9,Echo Show 8 (エコーショー8) HDスクリーン付きスマートスピーカー with Alexa,14980,https://www.amazon.co.jp/Echo-Show-8-%E3%82%A8%E3%82%B3%E3%83%BC%E3%82%B7%E3%83%A7%E3%83%BC8-HD%E3%82%B9%E3%82%AF%E3%83%AA%E3%83%BC%E3%83%B3%E4%BB%98%E3%81%8D%E3%82%B9%E3%83%9E%E3%83%BC%E3%83%88%E3%82%B9%E3%83%94%E3%83%BC%E3%82%AB%E3%83%BC-with-Alexa-%E3%83%81%E3%83%A3%E3%82%B3%E3%83%BC%E3%83%AB/dp/B07SHC76CH/ref=sr_1_3?__mk_ja_JP=%E3%82%AB%E3%82%BF%E3%82%AB%E3%83%8A&dchild=1&keywords=Echo+Show+8+%28%E3%82%A8%E3%82%B3%E3%83%BC%E3%82%B7%E3%83%A7%E3%83%BC8%29+HD%E3%82%B9%E3%82%AF%E3%83%AA%E3%83%BC%E3%83%B3%E4%BB%98%E3%81%8D%E3%82%B9%E3%83%9E%E3%83%BC%E3%83%88%E3%82%B9%E3%83%94%E3%83%BC%E3%82%AB%E3%83%BC+with+Alexa%E3%80%81%E3%83%81%E3%83%A3%E2%80%A6&qid=1589113364&sr=8-3
10,Echo Studio (エコースタジオ)Hi-Fiスマートスピーカーwith 3Dオーディオ&Alexa,"24,980",https://www.amazon.co.jp/dp/B07NQDQWW6/ref=fs_ods_fs_aucc_oct
11,HP 15-db0000 15.6型フルHD液晶ノートパソコン,58980,https://www.amazon.co.jp/%E3%80%90Office%E3%82%BB%E3%83%83%E3%83%88%E3%83%BBSSD%E6%90%AD%E8%BC%89%E3%80%91HP-10%E3%82%AD%E3%83%BC%E4%BB%98%E6%97%A5%E6%9C%AC%E8%AA%9E%E3%82%AD%E3%83%BC%E3%83%9C%E3%83%BC%E3%83%89-R3%E3%82%B0%E3%83%A9%E3%83%95%E3%82%A3%E3%83%83%E3%82%AF%E3%82%B9%E6%90%AD%E8%BC%89-15-6%E5%9E%8B%E3%83%95%E3%83%ABHD%E6%B6%B2%E6%99%B6%E3%83%8E%E3%83%BC%E3%83%88%E3%83%91%E3%82%BD%E3%82%B3%E3%83%B3-%E3%83%A1%E3%83%A2%E3%83%AA8GB%E3%83%BBOffice%E3%82%BB%E3%83%83%E3%83%88/dp/B07S32HQF1/ref=sr_1_1?__mk_ja_JP=%E3%82%AB%E3%82%BF%E3%82%AB%E3%83%8A&dchild=1&keywords=HP+15-db0000+15.6%E5%9E%8B%E3%83%95%E3%83%ABHD%E6%B6%B2%E6%99%B6%E3%83%8E%E3%83%BC%E3%83%88%E3%83%91%E3%82%BD%E3%82%B3%E3%83%B3&qid=1589111753&sr=8-1
12,エプソン プリンター  PX-105,6382,https://www.amazon.co.jp/%E3%82%A8%E3%83%97%E3%82%BD%E3%83%B3-%E3%83%97%E3%83%AA%E3%83%B3%E3%82%BF%E3%83%BC-A4-%E3%82%A4%E3%83%B3%E3%82%AF%E3%82%B8%E3%82%A7%E3%83%83%E3%83%88-PX-105/dp/B008ZUOWIS/ref=sr_1_4?__mk_ja_JP=%E3%82%AB%E3%82%BF%E3%82%AB%E3%83%8A&dchild=1&keywords=%E3%82%A8%E3%83%97%E3%82%BD%E3%83%B3+%E3%83%97%E3%83%AA%E3%83%B3%E3%82%BF%E3%83%BC+PX-105&qid=1589114253&sr=8-4
13,アイリスオーヤマ 炊飯器 マイコン式 5.5合　 極厚銅釜 銘柄炊き分け機能付き,6680,https://www.amazon.co.jp/%E3%80%90Amazon-co-jp%E9%99%90%E5%AE%9A%E3%80%91-%E3%82%A2%E3%82%A4%E3%83%AA%E3%82%B9%E3%82%AA%E3%83%BC%E3%83%A4%E3%83%9E-%E3%83%9E%E3%82%A4%E3%82%B3%E3%83%B3%E5%BC%8F-%E9%8A%98%E6%9F%84%E7%82%8A%E3%81%8D%E5%88%86%E3%81%91%E6%A9%9F%E8%83%BD%E4%BB%98%E3%81%8D-RC-MA50AZ-B/dp/B01MT3038J/ref=sr_1_3?__mk_ja_JP=%E3%82%AB%E3%82%BF%E3%82%AB%E3%83%8A&dchild=1&keywords=%E3%82%A2%E3%82%A4%E3%83%AA%E3%82%B9%E3%82%AA%E3%83%BC%E3%83%A4%E3%83%9E+%E7%82%8A%E9%A3%AF%E5%99%A8+%E3%83%9E%E3%82%A4%E3%82%B3%E3%83%B3%E5%BC%8F+5.5%E5%90%88&qid=1589114473&sr=8-3
14,シャープ  全自動洗濯機　ES-GE7D-W,"43,241",https://www.amazon.co.jp/%E3%82%B7%E3%83%A3%E3%83%BC%E3%83%97-SHARP-%E3%83%9C%E3%83%87%E3%82%A3%E5%B9%8552-0cm-%E3%82%B9%E3%83%86%E3%83%B3%E3%83%AC%E3%82%B9%E7%A9%B4%E3%81%AA%E3%81%97%E6%A7%BD-ES-GE7D-W/dp/B0819T2X91/ref=sr_1_3?__mk_ja_JP=%E3%82%AB%E3%82%BF%E3%82%AB%E3%83%8A&dchild=1&keywords=%E3%82%B7%E3%83%A3%E3%83%BC%E3%83%97+%E5%85%A8%E8%87%AA%E5%8B%95%E6%B4%97%E6%BF%AF%E6%A9%9F+ES-GE7D-W&qid=1589114543&sr=8-3
15,ハイセンス 冷凍冷蔵庫 93L ホワイト HR-B95A,17960,https://www.amazon.co.jp/Hisense-%E3%83%8F%E3%82%A4%E3%82%BB%E3%83%B3%E3%82%B9-HR-B95A-%E5%86%B7%E5%87%8D%E5%86%B7%E8%94%B5%E5%BA%AB-93L/dp/B01MFETABP/ref=sr_1_1?__mk_ja_JP=%E3%82%AB%E3%82%BF%E3%82%AB%E3%83%8A&dchild=1&keywords=%E3%83%8F%E3%82%A4%E3%82%BB%E3%83%B3%E3%82%B9+%E5%86%B7%E5%87%8D%E5%86%B7%E8%94%B5%E5%BA%AB+93L+%E3%83%9B%E3%83%AF%E3%82%A4%E3%83%88+HR-B95A&qid=1589114621&sr=8-1
16,Fire 7 タブレット (7インチディスプレイ) 32GB,"7,980",https://www.amazon.co.jp/Fire-7-%E3%82%BF%E3%83%96%E3%83%AC%E3%83%83%E3%83%88--32GB/dp/B07JQP283Q/ref=sr_1_1_sspa?__mk_ja_JP=%E3%82%AB%E3%82%BF%E3%82%AB%E3%83%8A&dchild=1&keywords=fire7%E3%82%BF%E3%83%96%E3%83%AC%E3%83%83%E3%83%88+%287%E3%82%A4%E3%83%B3%E3%83%81%E3%83%87%E3%82%A3%E3%82%B9%E3%83%97%E3%83%AC%E3%82%A4%29+16gb&qid=1589116158&sr=8-1-spons&psc=1&spLa=ZW5jcnlwdGVkUXVhbGlmaWVyPUExV1JBRzI0MTVXSkFGJmVuY3J5cHRlZElkPUEwMzgxMTA5MTJCQ0tMM1VJQlRLWSZlbmNyeXB0ZWRBZElkPUEzSk8wMkdZRUwyRjQ0JndpZGdldE5hbWU9c3BfYXRmJmFjdGlvbj1jbGlja1JlZGlyZWN0JmRvTm90TG9nQ2xpY2s9dHJ1ZQ==
17,Fire HD 10 タブレット ブラック (10インチHDディスプレイ) 32GB,"15,980",https://www.amazon.co.jp/dp/B07KD9HHM3?ref=ods_ucc_tablet_B07KD9HHM3_nrc_ucc
18,Fire TV Stick - Alexa対応音声認識リモコン付属,4999,https://www.amazon.co.jp/dp/B0791YQWJJ/ref=fs_ods_fs_smp_tanl
19,Fire TV Stick 4K - Alexa対応音声認識リモコン付属,6980,https://www.amazon.co.jp/dp/B079QRQTCR?ref=ods_ucc_smp_B079QRQTCR_nrc_ucc
20,Apple AirPods Pro,"30,580",https://www.amazon.co.jp/dp/B07ZPS4FSW?ref=ods_ucc_kindle_B07ZPS4FSW_nrc_ucc
21,Apple AirPods with Charging Case ,"17,904",https://www.amazon.co.jp/dp/B07ZPS4FSW?ref=ods_ucc_kindle_B07ZPS4FSW_nrc_ucc
22,Anker Soundcore Liberty Air 2（完全ワイヤレスイヤホン Bluetooth 5.0）,"7,999",https://www.amazon.co.jp/dp/B07Y1YB7Q2/ref=emc_b_5_t
23,Anker Soundcore Liberty Neo（ワイヤレスイヤホン Bluetooth 5.0）,"3,999",https://www.amazon.co.jp/dp/B07SGCLVF2/ref=emc_b_5_t
24,Anker Soundcore Liberty 2 Pro（完全ワイヤレスイヤホン Bluetooth 5.0）,"14,380",https://www.amazon.co.jp/dp/B07XYQYDMN/ref=emc_b_5_t
25,Kindle フロントライト搭載 Wi-Fi 4GB ブラック 広告つき 電子書籍リーダー,"8,980",https://www.amazon.co.jp/dp/B07FQ473ZZ?ref=ods_ucc_kindle_B07FQ473ZZ_nrc_ucc
26,Kindle Paperwhite 防水機能搭載 Wi-Fi 8GB 広告つき 電子書籍リーダー,"13,980",https://www.amazon.co.jp/dp/B07FQ473ZZ?ref=ods_ucc_kindle_B07FQ473ZZ_nrc_ucc
27,Kindle Oasis 色調調節ライト搭載 Wi-Fi 8GB 広告つき 電子書籍リーダー,"29,980",https://www.amazon.co.jp/dp/B07L5GH2YP/ref=fs_ods_fs_eink_sti
28,Google Chromecast 第三世代 2K対応 チャコール GA00439-JP,"5,073",https://www.amazon.co.jp/Chromecast-%E3%80%90%E7%AC%AC3%E4%B8%96%E4%BB%A3%E3%80%91Chromecast-GA00439-JP-%E3%83%81%E3%83%A3%E3%82%B3%E3%83%BC%E3%83%AB/dp/B07JGP3VC7/ref=sr_1_1?__mk_ja_JP=%E3%82%AB%E3%82%BF%E3%82%AB%E3%83%8A&dchild=1&keywords=Google+Chromecast+%E7%AC%AC%E4%B8%89%E4%B8%96%E4%BB%A3+2K%E5%AF%BE%E5%BF%9C+%E3%83%81%E3%83%A3%E3%82%B3%E3%83%BC%E3%83%AB+GA00439-JP&qid=1589119571&s=amazon-devices&sr=8-1
29,SwitchBot スイッチボット スマートホーム 学習リモコン Alexa - Google Home IFTTT ,"3,580",https://www.amazon.co.jp/SwitchBot-%E3%82%B9%E3%82%A4%E3%83%83%E3%83%81%E3%83%9C%E3%83%83%E3%83%88-%E3%82%B9%E3%83%9E%E3%83%BC%E3%83%88%E3%83%9B%E3%83%BC%E3%83%A0-%E5%AD%A6%E7%BF%92%E3%83%AA%E3%83%A2%E3%82%B3%E3%83%B3-Alexa/dp/B07TTH5TMW/ref=sr_1_1?__mk_ja_JP=%E3%82%AB%E3%82%BF%E3%82%AB%E3%83%8A&dchild=1&keywords=SwitchBot+%E3%82%B9%E3%82%A4%E3%83%83%E3%83%81%E3%83%9C%E3%83%83%E3%83%88+%E3%82%B9%E3%83%9E%E3%83%BC%E3%83%88%E3%83%9B%E3%83%BC%E3%83%A0+%E5%AD%A6%E7%BF%92%E3%83%AA%E3%83%A2%E3%82%B3%E3%83%B3+Alexa+-+Google+Home+IFTTT&qid=1589120223&s=home&sr=1-1
30,Anker PowerCore 10000 (10000mAh 最小最軽量 大容量 モバイルバッテリー),"2,799",https://www.amazon.co.jp/dp/B019GNUT0C/ref=emc_b_5_t
31,VANKYO Leisure 470 HD プロジェクター 4000ルーメン スマホに直接接続可 ,13980,https://www.amazon.co.jp/Leisure-4000%E3%83%AB%E3%83%BC%E3%83%A1%E3%83%B3-%E3%82%B9%E3%83%9E%E3%83%9B%E3%81%AB%E7%9B%B4%E6%8E%A5%E6%8E%A5%E7%B6%9A%E5%8F%AF-1920%C3%971080%E6%9C%80%E5%A4%A7%E8%A7%A3%E5%83%8F%E5%BA%A6-%E3%82%B2%E3%83%BC%E3%83%A0%E6%A9%9F%E3%81%AB%E6%8E%A5%E7%B6%9A%E5%8F%AF/dp/B07Z1V5YBD/ref=sr_1_1?__mk_ja_JP=%E3%82%AB%E3%82%BF%E3%82%AB%E3%83%8A&dchild=1&keywords=VANKYO+Leisure+470+HD+%E3%83%97%E3%83%AD%E3%82%B8%E3%82%A7%E3%82%AF%E3%82%BF%E3%83%BC+4000%E3%83%AB%E3%83%BC%E3%83%A1%E3%83%B3+%E3%82%B9%E3%83%9E%E3%83%9B%E3%81%AB%E7%9B%B4%E6%8E%A5%E6%8E%A5%E7%B6%9A%E5%8F%AF&qid=1589121659&sr=8-1
32,【第2世代 3500mAh IPX7完全防水】 OKIMO Bluetooth イヤホン LEDディスプレイ ワイヤレ…,"4,280",https://www.amazon.co.jp/IPX7%E5%AE%8C%E5%85%A8%E9%98%B2%E6%B0%B4%E3%80%91Bluetooth-%E6%9C%80%E6%96%B0Bluetooth5-0-3D%E3%82%B9%E3%83%86%E3%83%AC%E3%82%AA%E3%82%B5%E3%82%A6%E3%83%B3%E3%83%89-%E8%B6%85%E5%A4%A7%E5%AE%B9%E9%87%8F%E5%85%85%E9%9B%BB%E3%82%B1%E3%83%BC%E3%82%B9%E4%BB%98%E3%81%8D-%E9%9B%BB%E6%B1%A0%E6%AE%8B%E9%87%8F%E3%82%A4%E3%83%B3%E3%82%B8%E3%82%B1%E3%83%BC%E3%82%BF%E3%83%BC%E4%BB%98%E3%81%8D-iPhone/dp/B07PZ6SL49/ref=sr_1_1?__mk_ja_JP=%E3%82%AB%E3%82%BF%E3%82%AB%E3%83%8A&dchild=1&keywords=%E3%80%90%E7%AC%AC2%E4%B8%96%E4%BB%A3+3500mAh+IPX7%E5%AE%8C%E5%85%A8%E9%98%B2%E6%B0%B4%E3%80%91+OKIMO+Bluetooth+%E3%82%A4%E3%83%A4%E3%83%9B%E3%83%B3+LED%E3%83%87%E3%82%A3%E3%82%B9%E3%83%97%E3%83%AC%E3%82%A4+%E3%83%AF%E3%82%A4%E3%83%A4%E3%83%AC%E2%80%A6&qid=1589121763&sr=8-1
33,Anker PowerLine II ライトニングUSBケーブル (1.8m ホワイト),"1,299",https://www.amazon.co.jp/Anker-PowerLine-%E3%83%A9%E3%82%A4%E3%83%88%E3%83%8B%E3%83%B3%E3%82%B0USB%E3%82%B1%E3%83%BC%E3%83%96%E3%83%AB%E3%80%90iPhone-Apple-MFi%E8%AA%8D%E8%A8%BC%E3%80%91/dp/B01N75EALQ/ref=zg_bs_3371421_42?_encoding=UTF8&psc=1&refRID=D1TT3ZF9SHM5QND6KTDK
34,RAVPower USB 充電器 2ポート 24W アダプタ USB コンセント,1299,https://www.amazon.co.jp/RAVPower-%E3%80%90%E6%9C%80%E5%A4%A7%E5%87%BA%E5%8A%9B5V-%E6%8A%98%E7%95%B3%E5%BC%8F%E3%83%97%E3%83%A9%E3%82%B0%E3%80%91-%E7%AD%89%E3%81%AEUSB%E6%A9%9F%E5%99%A8%E5%AF%BE%E5%BF%9C-RP-UC11/dp/B075L2LBD6/ref=sr_1_1?__mk_ja_JP=%E3%82%AB%E3%82%BF%E3%82%AB%E3%83%8A&dchild=1&keywords=ravpower+usb%E5%85%85%E9%9B%BB%E5%99%A8+2%E3%83%9D%E3%83%BC%E3%83%88+24w+%E3%82%A2%E3%83%80%E3%83%97%E3%82%BF+usb+%E3%82%B3%E3%83%B3%E3%82%BB%E3%83%B3%E3%83%88&qid=1589123366&s=baby&sr=8-1
35,JBL FLIP5 Bluetoothスピーカー ブラック JBLFLIP5BLK ,"8,091",https://www.amazon.co.jp/JBL-Bluetooth%E3%82%B9%E3%83%94%E3%83%BC%E3%82%AB%E3%83%BC-%E3%83%91%E3%83%83%E3%82%B7%E3%83%96%E3%83%A9%E3%82%B8%E3%82%A8%E3%83%BC%E3%82%BF%E3%83%BC%E6%90%AD%E8%BC%89-JBLFLIP5BLK-%E3%83%A1%E3%83%BC%E3%82%AB%E3%83%BC1%E5%B9%B4%E4%BF%9D%E8%A8%BC%E4%BB%98%E3%81%8D%E3%80%91/dp/B07Y9PYH69/ref=redir_mobile_desktop?ie=UTF8&aaxitk=ZsMUdhcvomH05KNX7Hfxpg&hsa_cr_id=3941742790503&ref_=sb_s_sparkle
35,ソニー SONY ワイヤレスノイズキャンセリングイヤホン WF-1000XM3 ,"24,800",https://www.amazon.co.jp/%E3%82%BD%E3%83%8B%E3%83%BC-SONY-%E3%83%AF%E3%82%A4%E3%83%A4%E3%83%AC%E3%82%B9%E3%83%8E%E3%82%A4%E3%82%BA%E3%82%AD%E3%83%A3%E3%83%B3%E3%82%BB%E3%83%AA%E3%83%B3%E3%82%B0%E3%82%A4%E3%83%A4%E3%83%9B%E3%83%B3-WF-1000XM3-Bluetooth/dp/B07TKGGZ47/ref=sr_1_3?__mk_ja_JP=%E3%82%AB%E3%82%BF%E3%82%AB%E3%83%8A&dchild=1&keywords=%E3%82%BD%E3%83%8B%E3%83%BC%2BSONY%2B%E3%83%AF%E3%82%A4%E3%83%A4%E3%83%AC%E3%82%B9%E3%83%8E%E3%82%A4%E3%82%BA%E3%82%AD%E3%83%A3%E3%83%B3%E3%82%BB%E3%83%AA%E3%83%B3%E3%82%B0%E3%82%A4%E3%83%A4%E3%83%9B%E3%83%B3%2BWF-1000XM3&qid=1589123689&s=electronics&sr=1-3&th=1
36,Anker PowerPort 2 Elite (24W 2ポート USB急速充電器),1599,https://www.amazon.co.jp/Anker-PowerPort-USB%E6%80%A5%E9%80%9F%E5%85%85%E9%9B%BB%E5%99%A8-%E3%80%90%E6%8A%98%E3%82%8A%E7%95%B3%E3%81%BF%E5%BC%8F%E3%83%97%E3%83%A9%E3%82%B0%E6%90%AD%E8%BC%89-PowerIQ%E6%90%AD%E8%BC%89/dp/B06ZXXQGZ8/ref=sr_1_1?__mk_ja_JP=%E3%82%AB%E3%82%BF%E3%82%AB%E3%83%8A&dchild=1&keywords=Anker+PowerPort+2+Elite+%2824W+2%E3%83%9D%E3%83%BC%E3%83%88+USB%E6%80%A5%E9%80%9F%E5%85%85%E9%9B%BB%E5%99%A8%29&qid=1589124075&sr=8-1
37,Canon デジタル一眼レフカメラ「EOS Kiss X9」 (ブラック) EOSKISSX9BK-WKIT,"65,780",https://www.amazon.co.jp/%E3%82%AD%E3%83%A4%E3%83%8E%E3%83%B3-%E3%83%87%E3%82%B8%E3%82%BF%E3%83%AB%E4%B8%80%E7%9C%BC%E3%83%AC%E3%83%95%E3%82%AB%E3%83%A1%E3%83%A9%E3%80%8CEOS-Kiss-X9%E3%80%8D%E3%83%80%E3%83%96%E3%83%AB%E3%82%BA%E3%83%BC%E3%83%A0%E3%82%AD%E3%83%83%E3%83%88-EOSKISSX9BK-WKIT/dp/B073LGMV4N/ref=sr_1_4?__mk_ja_JP=%E3%82%AB%E3%82%BF%E3%82%AB%E3%83%8A&dchild=1&keywords=Canon+%E3%83%87%E3%82%B8%E3%82%BF%E3%83%AB%E4%B8%80%E7%9C%BC%E3%83%AC%E3%83%95%E3%82%AB%E3%83%A1%E3%83%A9+EOS+Kiss+X9&qid=1589124193&sr=8-4
38,Anker Soundcore 2 (12W Bluetooth5.0 スピーカー 24時間連続再生),"4,999",https://www.amazon.co.jp/dp/B01NAVANRX/ref=emc_b_5_t
39,Apple Watch Series 3(GPSモデル),"21,769",https://www.amazon.co.jp/dp/B07NVVH89H?ref=ods_ucc_echo_B07HDVBKW5_nrc_ucc
40,Apple Watch Series 4(GPSモデル)- 44mmゴールドアルミニウムケースとピンクサンドスポーツバンド,"53,680",https://www.amazon.co.jp/dp/B07J1RHNLS/ref=fs_a_w_3
41,Apple TV 4K (32GB),"20,890",https://www.amazon.co.jp/dp/B078H83RFT/ref=fs_a_b_0?th=1
42,タニタ 体組成計 ブラック RD-906 ,"12,362",https://www.amazon.co.jp/%E3%82%BF%E3%83%8B%E3%82%BF-%E4%BD%93%E7%B5%84%E6%88%90%E8%A8%88-RD-906-%E3%82%A4%E3%83%B3%E3%83%8A%E3%83%BC%E3%82%B9%E3%82%AD%E3%83%A3%E3%83%B3%E3%83%87%E3%83%A5%E3%82%A2%E3%83%AB-%E3%82%B9%E3%83%9E%E3%83%9B%E3%81%A7%E3%83%87%E3%83%BC%E3%82%BF%E7%AE%A1%E7%90%86/dp/B01N426M7R/ref=zg_bs_124048011_56?_encoding=UTF8&psc=1&refRID=88E8PZ6H452QR5YDZEVA
43,Google Chromecast ultra 第三世代 4K対応 GA3A00416A16,"9,900",https://www.amazon.co.jp/Google-Chromecast-Ultra-GA3A00416A16-%E5%9B%BD%E5%86%85%E6%AD%A3%E8%A6%8F%E5%93%81/dp/B06XC565DD/ref=zg_bs_2285132051_4?_encoding=UTF8&psc=1&refRID=72VMJP2A0CKQ16E9FW4C
44,パナソニック 除毛器 フェリエ VIO専用シェーバー 防水 シルバー調 ES-WV60-S,"6,578",https://www.amazon.co.jp/%E3%83%91%E3%83%8A%E3%82%BD%E3%83%8B%E3%83%83%E3%82%AF-%E3%83%95%E3%82%A7%E3%83%AA%E3%82%A8-VIO%E5%B0%82%E7%94%A8%E3%82%B7%E3%82%A7%E3%83%BC%E3%83%90%E3%83%BC-%E3%82%B7%E3%83%AB%E3%83%90%E3%83%BC%E8%AA%BF-ES-WV60-S/dp/B085FB1YSZ/ref=sr_1_1?__mk_ja_JP=%E3%82%AB%E3%82%BF%E3%82%AB%E3%83%8A&dchild=1&keywords=%E3%83%91%E3%83%8A%E3%82%BD%E3%83%8B%E3%83%83%E3%82%AF+%E9%99%A4%E6%AF%9B%E5%99%A8+%E3%83%95%E3%82%A7%E3%83%AA%E3%82%A8+VIO%E5%B0%82%E7%94%A8%E3%82%B7%E3%82%A7%E3%83%BC%E3%83%90%E3%83%BC+%E9%98%B2%E6%B0%B4+%E3%82%B7%E3%83%AB%E3%83%90%E3%83%BC%E8%AA%BF+ES-WV60-S&qid=1589124503&s=computers&sr=8-1
45,2019最新版 脱毛器 レーザー ,19980,https://www.amazon.co.jp/2019%E6%9C%80%E6%96%B0%E7%89%88-IPL%E5%85%89%E8%84%B1%E6%AF%9B%E5%99%A8-%E5%AE%B6%E5%BA%AD%E7%94%A8%E8%84%B1%E6%AF%9B%E5%99%A8-%E3%83%93%E3%82%AD%E3%83%8B%E3%83%A9%E3%82%A4%E3%83%B3-%E6%97%A5%E6%9C%AC%E8%AA%9E%E8%AA%AC%E6%98%8E%E6%9B%B8%E4%BB%98%E3%81%8D/dp/B07YFCS19H/ref=zg_bs_124048011_57?_encoding=UTF8&psc=1&refRID=88E8PZ6H452QR5YDZEVA
46,1. アイリスオーヤマ サーキュレーター ブラック PCF-HD15N-B,2380,https://www.amazon.co.jp/IRIS-OHYAMA-Circulator-position-PCF-HD15N-B/dp/B01CY3SO8A/ref=zg_bs_124048011_11?_encoding=UTF8&psc=1&refRID=FR5XV3JK1E5D2NXXYEHW
47,除湿器 1000ml ホワイト,4380,https://www.amazon.co.jp/1000ml%E5%A4%A7%E5%AE%B9%E9%87%8F-%E3%83%9A%E3%83%AB%E3%83%81%E3%82%A7%E5%BC%8F-%E8%87%AA%E5%8B%95%E5%81%9C%E6%AD%A2%E6%A9%9F%E8%83%BD-7%E8%89%B2%E3%83%A9%E3%83%B3%E3%83%97-%E6%97%A5%E6%9C%AC%E8%AA%9E%E8%AA%AC%E6%98%8E%E6%9B%B8%E4%BB%98/dp/B085PSYNP9/ref=zg_bs_124048011_12?_encoding=UTF8&psc=1&refRID=FR5XV3JK1E5D2NXXYEHW
48,パナソニック フェイスシェーバー フェリエ 白 ES-WF61-W,"4,045",https://www.amazon.co.jp/%E3%83%91%E3%83%8A%E3%82%BD%E3%83%8B%E3%83%83%E3%82%AF-%E3%83%95%E3%82%A7%E3%82%A4%E3%82%B9%E3%82%B7%E3%82%A7%E3%83%BC%E3%83%90%E3%83%BC-%E3%83%95%E3%82%A7%E3%83%AA%E3%82%A8-%E7%99%BD-ES-WF61-W/dp/B079MNV8L1/ref=zg_bs_124048011_13?_encoding=UTF8&psc=1&refRID=FR5XV3JK1E5D2NXXYEHW
49,LED電子体温計 高精度電子温度計,"1,399",https://www.amazon.co.jp/LED%E9%9B%BB%E5%AD%90%E4%BD%93%E6%B8%A9%E8%A8%88-%E9%AB%98%E7%B2%BE%E5%BA%A6%E9%9B%BB%E5%AD%90%E6%B8%A9%E5%BA%A6%E8%A8%88-LED%E3%83%87%E3%82%A3%E3%82%B9%E3%83%97%E3%83%AC%E3%82%A4-%E8%84%87%E3%81%AE%E4%B8%8B%E5%8F%A3%E8%85%94%E8%82%9B%E9%96%80%E6%B8%A9%E5%BA%A6%E6%B8%AC%E5%AE%9A-%E3%81%8A%E5%B9%B4%E5%AF%84%E3%82%8A%E7%99%BA%E7%86%B1%E7%94%A8%E8%B5%A4%E3%81%A1%E3%82%83%E3%82%93%E6%B8%A9%E5%BA%A6%E8%A8%88/dp/B0885QBDZH/ref=zg_bs_124048011_14?_encoding=UTF8&psc=1&refRID=FR5XV3JK1E5D2NXXYEHW
50,デスクライト TaoTronics TT-DL13 (ブラック),"5,199",https://www.amazon.co.jp/TaoTronics-%E3%83%86%E3%83%BC%E3%83%96%E3%83%AB%E3%82%B9%E3%82%BF%E3%83%B3%E3%83%89-%E3%82%BF%E3%83%83%E3%83%81%E3%82%BB%E3%83%B3%E3%82%B5%E3%83%BC%E8%AA%BF%E5%85%89-USB%E3%83%9D%E3%83%BC%E3%83%88%E4%BB%98%E3%81%91-TT-DL13/dp/B07F9NWPKB/ref=zg_bs_124048011_15?_encoding=UTF8&psc=1&refRID=N1A9NYCHRCHZYT4QFWCP
51,オムロン マッサージクッション ピンク HM-341-PK,"3,798",https://www.amazon.co.jp/%E3%82%AA%E3%83%A0%E3%83%AD%E3%83%B3-OMRON-HM-341-PK-%E3%83%9E%E3%83%83%E3%82%B5%E3%83%BC%E3%82%B8%E3%82%AF%E3%83%83%E3%82%B7%E3%83%A7%E3%83%B3-%E3%83%94%E3%83%B3%E3%82%AF/dp/B007RA5KTC/ref=zg_bs_124048011_17?_encoding=UTF8&psc=1&refRID=N1A9NYCHRCHZYT4QFWCP
52,ANLAN ウォーターピーリング 超音波ピーリング 美顔器 (ピンク),"3,880",https://www.amazon.co.jp/ANLAN-%E3%82%A6%E3%82%A9%E3%83%BC%E3%82%BF%E3%83%BC%E3%83%94%E3%83%BC%E3%83%AA%E3%83%B3%E3%82%B0-%E8%B6%85%E9%9F%B3%E6%B3%A2%E3%83%94%E3%83%BC%E3%83%AA%E3%83%B3%E3%82%B0-%E3%82%B9%E3%83%9E%E3%83%BC%E3%83%88%E3%83%94%E3%83%BC%E3%83%AB-%E6%97%A5%E6%9C%AC%E8%AA%9E%E8%AA%AC%E6%98%8E%E6%9B%B8%E4%BB%98%E3%81%8D/dp/B07ZKVNRWD/ref=zg_bs_124048011_18?_encoding=UTF8&psc=1&refRID=N1A9NYCHRCHZYT4QFWCP
53,オムロン 上腕式血圧計 ブラック HEM-7600T-BKN,"19,164",https://www.amazon.co.jp/%E3%82%AA%E3%83%A0%E3%83%AD%E3%83%B3-%E4%B8%8A%E8%85%95%E5%BC%8F%E8%A1%80%E5%9C%A7%E8%A8%88-%E3%82%AA%E3%83%A0%E3%83%AD%E3%83%B3-%E4%B8%8A%E8%85%95%E5%BC%8F%E8%A1%80%E5%9C%A7%E8%A8%88-%EF%BC%88%E3%83%96%E3%83%A9%E3%83%83%E3%82%AF%EF%BC%89OMRON-HEM-7600T-BKN/dp/B06Y11MV1D/ref=zg_bs_124048011_19?_encoding=UTF8&psc=1&refRID=N1A9NYCHRCHZYT4QFWCP
54,シャープ 加湿 空気清浄機 プラズマクラスター 7000  ホワイト KC-H50-W,"18,800",https://www.amazon.co.jp/%E3%82%B7%E3%83%A3%E3%83%BC%E3%83%97-SHARP-KC-H50-W-%E3%83%97%E3%83%A9%E3%82%BA%E3%83%9E%E3%82%AF%E3%83%A9%E3%82%B9%E3%82%BF%E3%83%BC%E6%90%AD%E8%BC%89-%E5%8A%A0%E6%B9%BF%E7%A9%BA%E6%B0%97%E6%B8%85%E6%B5%84%E6%A9%9F/dp/B077TC5PM8/ref=zg_bs_124048011_20?_encoding=UTF8&psc=1&refRID=N1A9NYCHRCHZYT4QFWCP
55,オムロン 体重体組成計 HBF-225-Y,"3,600",https://www.amazon.co.jp/%E3%82%AA%E3%83%A0%E3%83%AD%E3%83%B3-OMRON-HBF-225-Y-%E4%BD%93%E9%87%8D%E4%BD%93%E7%B5%84%E6%88%90%E8%A8%88/dp/B01N7V4TXY/ref=zg_bs_124048011_33?_encoding=UTF8&psc=1&refRID=N1A9NYCHRCHZYT4QFWCP
56,ブラウン オーラルB 電動歯ブラシ 子供用 すみずみクリーンキッズ プレミアム ポケモン 歯ブラシ D1004132KPKM,"4,465",https://www.amazon.co.jp/%E3%83%96%E3%83%A9%E3%82%A6%E3%83%B3-%E3%82%AA%E3%83%BC%E3%83%A9%E3%83%ABB-%E9%9B%BB%E5%8B%95%E6%AD%AF%E3%83%96%E3%83%A9%E3%82%B7-%E3%81%99%E3%81%BF%E3%81%9A%E3%81%BF%E3%82%AF%E3%83%AA%E3%83%BC%E3%83%B3%E3%82%AD%E3%83%83%E3%82%BA-D1004132KPKM/dp/B085VYYDSH/ref=zg_bs_124048011_35?_encoding=UTF8&psc=1&refRID=N1A9NYCHRCHZYT4QFWCP
57,LEDランタン  usb充電式 電池式   折り畳み式 携帯型 テントライト 懐中電灯,2000 ,https://www.amazon.co.jp/LED%E3%83%A9%E3%83%B3%E3%82%BF%E3%83%B3-%E3%82%AD%E3%83%A3%E3%83%B3%E3%83%97%E3%83%A9%E3%83%B3%E3%82%BF%E3%83%B3-usb%E5%85%85%E9%9B%BB%E5%BC%8F-2in1%E7%B5%A6%E9%9B%BB%E6%96%B9%E6%B3%95-%E3%83%95%E3%83%A9%E3%83%83%E3%82%B7%E3%83%A5%E3%83%A9%E3%82%A4%E3%83%88/dp/B07W1JW15T/ref=zg_bs_124048011_27?_encoding=UTF8&psc=1&refRID=N1A9NYCHRCHZYT4QFWCP
58,SALONIA サロニア ストレートアイロン SL-004S 24mm ホワイト,"3,278",https://www.amazon.co.jp/SALONIA-%E3%82%B5%E3%83%AD%E3%83%8B%E3%82%A2-%E3%82%B9%E3%83%88%E3%83%AC%E3%83%BC%E3%83%88%E3%82%A2%E3%82%A4%E3%83%AD%E3%83%B3-SL-004S-%E6%B5%B7%E5%A4%96%E5%AF%BE%E5%BF%9C/dp/B018VSBIBC/ref=zg_bs_124048011_29?_encoding=UTF8&psc=1&refRID=N1A9NYCHRCHZYT4QFWCP
59,La Luna ラルーナ エア アイウォーマー 目元エステ 528Hz 白,9180 ,https://www.amazon.co.jp/%E3%82%A2%E3%82%A4%E3%83%9E%E3%83%83%E3%82%B5%E3%83%BC%E3%82%B8%E3%83%A3%E3%83%BC-Luna-%E3%82%BD%E3%83%AB%E3%83%95%E3%82%A7%E3%82%B8%E3%82%AA%E5%91%A8%E6%B3%A2%E6%95%B0-%E7%9B%AE%E5%85%83%E3%83%9E%E3%83%83%E3%82%B5%E3%83%BC%E3%82%B8%E3%83%A3%E3%83%BC-%E3%83%9B%E3%83%83%E3%83%88%E3%82%A2%E3%82%A4%E3%83%9E%E3%82%B9%E3%82%AF/dp/B07S8N6Z81/ref=zg_bs_124048011_34?_encoding=UTF8&psc=1&refRID=N1A9NYCHRCHZYT4QFWCP
60,頭皮マッサージ PAIPU ,6280 ,https://www.amazon.co.jp/%E9%A0%AD%E7%9A%AE%E3%83%9E%E3%83%83%E3%82%B5%E3%83%BC%E3%82%B8-PAIPU-%E3%83%98%E3%83%83%E3%83%89%E3%83%9E%E3%83%83%E3%82%B5%E3%83%BC%E3%82%B8%E3%83%A3%E3%83%BC-%E9%9B%BB%E5%8B%95%E9%A0%AD%E7%9A%AE%E3%83%96%E3%83%A9%E3%82%B7-%E3%83%9E%E3%83%83%E3%82%B5%E3%83%BC%E3%82%B8%E3%83%A3%E3%83%BC/dp/B085C9CCBB/ref=zg_bs_124048011_41?_encoding=UTF8&psc=1&refRID=N1A9NYCHRCHZYT4QFWCP
61,イワタニ カセットフー 達人スリム 【うす型コンロ / 高さ74mm】 CB-AS-1,4100 ,https://www.amazon.co.jp/%E3%82%A4%E3%83%AF%E3%82%BF%E3%83%8B-%E3%82%AB%E3%82%BB%E3%83%83%E3%83%88%E3%83%95%E3%83%BC-%E3%80%90%E3%81%86%E3%81%99%E5%9E%8B%E3%82%B3%E3%83%B3%E3%83%AD-%E9%AB%98%E3%81%9574mm%E3%80%91-CB-AS-1/dp/B008R7OOJ6/ref=zg_bs_124048011_25?_encoding=UTF8&psc=1&refRID=N1A9NYCHRCHZYT4QFWCP
62,ソニック 卓上  そうじ機  リビガク スージー 乾電池式  アイボリー LV-1845-I,"1,100",https://www.amazon.co.jp/%E3%82%BD%E3%83%8B%E3%83%83%E3%82%AF-%E3%81%9D%E3%81%86%E3%81%98%E6%A9%9F-%E3%83%AA%E3%83%93%E3%82%AC%E3%82%AF-%E3%82%A2%E3%82%A4%E3%83%9C%E3%83%AA%E3%83%BC-LV-1845-I/dp/B01AR82PY8/ref=zg_bs_124048011_49?_encoding=UTF8&psc=1&refRID=N1A9NYCHRCHZYT4QFWCP
63,Jacess 次亜塩素酸水対応バージョン 480ML ホワイト),3999 ,https://www.amazon.co.jp/Jacess-LG2600mAh-%E4%BB%A4%E5%92%8C%E9%9D%A9%E6%96%B0%E3%83%A2%E3%83%87%E3%83%AB-%E6%9A%96%E3%81%8B%E3%81%84%E9%9B%BB%E7%90%83%E8%89%B2LED%E3%83%A9%E3%82%A4%E3%83%88-%E3%80%904%E7%A8%AE%E9%A1%9E%E3%81%AE%E3%83%9F%E3%82%B9%E3%83%88%E3%83%A2%E3%83%BC%E3%83%89%E3%80%91/dp/B07XQ562BF/ref=zg_bs_124048011_39?_encoding=UTF8&psc=1&refRID=N1A9NYCHRCHZYT4QFWCP
64,アイリスオーヤマ サーキュレーター 静音 左右首振り PCF-HD15-W,"¥2,780",https://www.amazon.co.jp/%E3%82%A2%E3%82%A4%E3%83%AA%E3%82%B9%E3%82%AA%E3%83%BC%E3%83%A4%E3%83%9E-%E3%82%B5%E3%83%BC%E3%82%AD%E3%83%A5%E3%83%AC%E3%83%BC%E3%82%BF%E3%83%BC-%E9%A6%96%E6%8C%AF%E3%82%8A-%E3%83%9B%E3%83%AF%E3%82%A4%E3%83%88-PCF-HD15-W/dp/B00TY31ZPS/ref=zg_bs_124048011_31?_encoding=UTF8&psc=1&refRID=N1A9NYCHRCHZYT4QFWCP
65,ブラウン ヒゲトリマー3  電動バリカン 0.5mm-10mmカット BT3222 ブラック,5048,https://www.amazon.co.jp/%E3%83%96%E3%83%A9%E3%82%A6%E3%83%B3-%E3%83%92%E3%82%B2%E3%83%88%E3%83%AA%E3%83%9E%E3%83%BC3-0-5mm-10mm%E3%82%AB%E3%83%83%E3%83%88-PRO%E3%83%96%E3%83%AC%E3%83%BC%E3%83%89%E6%90%AD%E8%BC%89-%E6%B0%B4%E6%B4%97%E3%81%84%E5%8F%AFBT3222/dp/B0834ZVFQ4/ref=zg_bs_124048011_44?_encoding=UTF8&psc=1&refRID=N1A9NYCHRCHZYT4QFWCP
66,マキタ(Makita) 充電式クリーナ 10.8V バッテリー CL107FDSHW +パックA-48511 10枚セット,"14,515",https://www.amazon.co.jp/%E3%83%9E%E3%82%AD%E3%82%BF-Makita-%E3%83%90%E3%83%83%E3%83%86%E3%83%AA%E3%83%BC%E3%83%BB%E5%85%85%E9%9B%BB%E5%99%A8%E4%BB%98-CL107FDSHW-%E3%83%91%E3%83%83%E3%82%AFA-48511-10%E6%9E%9A%E3%82%BB%E3%83%83%E3%83%88/dp/B07FCJGGFT/ref=zg_bs_124048011_23?_encoding=UTF8&psc=1&refRID=N1A9NYCHRCHZYT4QFWCP
67,LED シーリングライト 30W 調光タイプ,3399,https://www.amazon.co.jp/%E3%82%B7%E3%83%BC%E3%83%AA%E3%83%B3%E3%82%B0%E3%83%A9%E3%82%A4%E3%83%88-%E8%AA%BF%E5%85%89%E3%82%BF%E3%82%A4%E3%83%97-%E3%82%B9%E3%83%AA%E3%83%BC%E3%83%97%E3%82%BF%E3%82%A4%E3%83%9E%E3%83%BC-PSE%E8%AA%8D%E8%A8%BC%E6%B8%88-%E3%83%AA%E3%83%A2%E3%82%B3%E3%83%B3%E4%BB%98%E3%81%8D/dp/B07T6DRLNQ/ref=zg_bs_124048011_47?_encoding=UTF8&psc=1&refRID=N1A9NYCHRCHZYT4QFWCP
68,パナソニック ボディトリマー   黒 ER-GK80-K,"5,048",https://www.amazon.co.jp/%E3%83%91%E3%83%8A%E3%82%BD%E3%83%8B%E3%83%83%E3%82%AF-%E3%83%9C%E3%83%87%E3%82%A3%E3%83%88%E3%83%AA%E3%83%9E%E3%83%BC-%E3%81%8A%E9%A2%A8%E5%91%82%E5%89%83%E3%82%8A%E5%8F%AF-%E6%B5%B7%E5%A4%96%E5%AF%BE%E5%BF%9C-ER-GK80-K/dp/B07PTR9M15/ref=zg_bs_124048011_37?_encoding=UTF8&psc=1&refRID=N1A9NYCHRCHZYT4QFWCP
69,SALONIA サロニア ストレートアイロン SL-004S  24mm ブラック,2732,https://www.amazon.co.jp/SALONIA-%E3%82%B5%E3%83%AD%E3%83%8B%E3%82%A2-%E3%82%B9%E3%83%88%E3%83%AC%E3%83%BC%E3%83%88%E3%82%A2%E3%82%A4%E3%83%AD%E3%83%B3-SL-004S-%E6%B5%B7%E5%A4%96%E5%AF%BE%E5%BF%9C/dp/B0096JYZMA/ref=zg_bs_124048011_22?_encoding=UTF8&psc=1&refRID=N1A9NYCHRCHZYT4QFWCP
70,アイリスオーヤマ スポット バキューム クリーナー コンパクト RNS-300,"¥8,129",https://www.amazon.co.jp/%E3%82%A2%E3%82%A4%E3%83%AA%E3%82%B9%E3%82%AA%E3%83%BC%E3%83%A4%E3%83%9E-%E3%83%90%E3%82%AD%E3%83%A5%E3%83%BC%E3%83%A0-%E3%82%AF%E3%83%AA%E3%83%BC%E3%83%8A%E3%83%BC-%E3%82%B3%E3%83%B3%E3%83%91%E3%82%AF%E3%83%88-RNS-300/dp/B07ZQGDHP2/ref=zg_bs_124048011_42?_encoding=UTF8&psc=1&refRID=N1A9NYCHRCHZYT4QFWCP
71,アイリスオーヤマ 扇風機 タワーファン スリム  ホワイト TWF-M73,"¥3,280",https://www.amazon.co.jp/%E3%82%A2%E3%82%A4%E3%83%AA%E3%82%B9%E3%82%AA%E3%83%BC%E3%83%A4%E3%83%9E-%E3%82%BF%E3%83%AF%E3%83%BC%E3%83%95%E3%82%A1%E3%83%B3-%E5%B7%A6%E5%8F%B3%E8%87%AA%E5%8B%95%E9%A6%96%E6%8C%AF%E3%82%8A-2019%E5%B9%B4%E3%83%A2%E3%83%87%E3%83%AB-TWF-M73/dp/B07Q1FL8LL/ref=zg_bs_124048011_26?_encoding=UTF8&psc=1&refRID=N1A9NYCHRCHZYT4QFWCP
72,イワタニ 炉ばた 焼器 炙りや CB-ABR-1,7380,https://www.amazon.co.jp/Iwatani-%E3%82%A4%E3%83%AF%E3%82%BF%E3%83%8B-CB-ABR-1-%E7%82%89%E3%81%B0%E3%81%9F%E7%84%BC%E5%99%A8-%E7%82%99%E3%82%8A%E3%82%84/dp/B01IGHIFV4/ref=zg_bs_124048011_50?_encoding=UTF8&psc=1&refRID=N1A9NYCHRCHZYT4QFWCP
73, Francfranc（フランフラン）公式 フレハンディファン 携帯扇風機,"¥1,980",https://www.amazon.co.jp/2020%E5%B9%B4NEW%E3%83%A2%E3%83%87%E3%83%AB-Francfranc%EF%BC%88%E3%83%95%E3%83%A9%E3%83%B3%E3%83%95%E3%83%A9%E3%83%B3%EF%BC%89%E5%85%AC%E5%BC%8F-%E3%83%95%E3%83%AC%E3%83%8F%E3%83%B3%E3%83%87%E3%82%A3%E3%83%95%E3%82%A1%E3%83%B3-%E6%89%8B%E6%8C%81%E3%81%A1%E6%89%87%E9%A2%A8%E6%A9%9F-5%E6%AE%B5%E9%9A%8E%E9%A2%A8%E9%87%8F%E8%AA%BF%E6%95%B4/dp/B086WSC8JD/ref=zg_bs_124048011_46?_encoding=UTF8&psc=1&refRID=N1A9NYCHRCHZYT4QFWCP
74,パナソニック ターボドライ1200 ピンク EH5101P-P,"¥1,264",https://www.amazon.co.jp/%E3%83%91%E3%83%8A%E3%82%BD%E3%83%8B%E3%83%83%E3%82%AF-%E3%83%98%E3%82%A2%E3%83%89%E3%83%A9%E3%82%A4%E3%83%A4%E3%83%BC-%E3%82%BF%E3%83%BC%E3%83%9C%E3%83%89%E3%83%A9%E3%82%A41200-%E3%83%94%E3%83%B3%E3%82%AF-EH5101P-P/dp/B001KN536M/ref=zg_bs_124048011_32?_encoding=UTF8&psc=1&refRID=N1A9NYCHRCHZYT4QFWCP
75,ヒロ・コーポレーション 電気ケトル 1.0L コンパクト グレー KTK-300-G,"¥1,127",https://www.amazon.co.jp/dp/B01BET65BI/ref=zg_bs_124048011_45?_encoding=UTF8&psc=1&refRID=N1A9NYCHRCHZYT4QFWCP
76,ブラウン ハンドブレンダー マルチクイック5 1台2役 つぶす・混ぜる ホワイト 離乳食対応 MQ500,"4,955",https://www.amazon.co.jp/%E3%83%96%E3%83%A9%E3%82%A6%E3%83%B3-%E3%83%8F%E3%83%B3%E3%83%89%E3%83%96%E3%83%AC%E3%83%B3%E3%83%80%E3%83%BC-%E3%83%9E%E3%83%AB%E3%83%81%E3%82%AF%E3%82%A4%E3%83%83%E3%82%AF5-1%E5%8F%B02%E5%BD%B9-%E3%80%8C%E3%81%A4%E3%81%B6%E3%81%99%E3%80%8D%E3%80%8C%E6%B7%B7%E3%81%9C%E3%82%8B%E3%80%8D/dp/B00DU6BDRU/ref=zg_bs_124048011_24?_encoding=UTF8&psc=1&refRID=N1A9NYCHRCHZYT4QFWCP
77,ウォーターピーリング 超音波 美顔器 ANLAN,"¥4,080",https://www.amazon.co.jp/%E3%82%A6%E3%82%A9%E3%83%BC%E3%82%BF%E3%83%BC%E3%83%94%E3%83%BC%E3%83%AA%E3%83%B3%E3%82%B0-ANLAN-%E8%B6%85%E9%9F%B3%E6%B3%A2%E3%83%94%E3%83%BC%E3%83%AA%E3%83%B3%E3%82%B0-%E3%82%B9%E3%83%9E%E3%83%BC%E3%83%88%E3%83%94%E3%83%BC%E3%83%AB-EMS%E3%83%9E%E3%83%83%E3%82%B5%E3%83%BC%E3%82%B8/dp/B07PHFQFC5/ref=zg_bs_124048011_48?_encoding=UTF8&psc=1&refRID=N1A9NYCHRCHZYT4QFWCP
78,Naipo 首マッサージャー ネック・ショルダーマッサージ,7080,https://www.amazon.co.jp/Naipo-%E9%A6%96%E3%83%9E%E3%83%83%E3%82%B5%E3%83%BC%E3%82%B8%E3%83%A3%E3%83%BC-%E3%83%8D%E3%83%83%E3%82%AF%E3%83%BB%E3%82%B7%E3%83%A7%E3%83%AB%E3%83%80%E3%83%BC%E3%83%9E%E3%83%83%E3%82%B5%E3%83%BC%E3%82%B8-%E5%99%A8-%E3%83%92%E3%83%BC%E3%82%BF%E3%83%BC%E4%BB%98%E3%81%8D-%E9%A6%96%E3%83%BB%E8%82%A9%E3%83%BB%E8%85%B0%E3%83%BB%E8%83%8C%E4%B8%AD%E3%83%BB%E5%A4%AA%E3%82%82%E3%82%82-%E3%82%B9%E3%83%88%E3%83%AC%E3%82%B9%E8%A7%A3%E6%B6%88-%E5%AE%B6%E5%BA%AD%E7%94%A8%EF%BC%86%E8%81%B7%E5%A0%B4%E7%94%A8%EF%BC%86%E8%BB%8A%E7%94%A8/dp/B076CGDFT1/ref=zg_bs_124048011_38?_encoding=UTF8&psc=1&refRID=N1A9NYCHRCHZYT4QFWCP
79,アイリスオーヤマ LED シーリングライト 調光タイプ  3300lm CL6D-5.0,"¥3,980",https://www.amazon.co.jp/%E3%82%A2%E3%82%A4%E3%83%AA%E3%82%B9%E3%82%AA%E3%83%BC%E3%83%A4%E3%83%9E-LED-%E3%82%B7%E3%83%BC%E3%83%AA%E3%83%B3%E3%82%B0%E3%83%A9%E3%82%A4%E3%83%88-%E3%82%BF%E3%82%A4%E3%83%97-CL6D-5-0/dp/B01I0WV9TA/ref=zg_bs_124048011_43?_encoding=UTF8&psc=1&refRID=N1A9NYCHRCHZYT4QFWCP
80,フードプロセッサー 250W,"¥4,180",https://www.amazon.co.jp/%E3%83%95%E3%83%BC%E3%83%89%E3%83%97%E3%83%AD%E3%82%BB%E3%83%83%E3%82%B5%E3%83%BC-4%E6%9E%9A%E3%82%AB%E3%83%83%E3%82%BF%E3%83%BC%E4%BB%98%E3%81%8D%E3%81%AE%E6%9C%80%E6%96%B0%E6%94%B9%E8%89%AF%E7%89%88-250W%E3%83%8F%E3%82%A4%E3%83%91%E3%83%AF%E3%83%BC%E6%80%A5%E9%80%9F%E3%81%8D%E3%81%96%E3%82%80-%E6%B0%B4%E6%B4%97%E3%81%84%E5%8F%AF%E8%83%BD-1-0L%E5%AE%B9%E9%87%8F/dp/B07W98NN3W/ref=zg_bs_124048011_79?_encoding=UTF8&psc=1&refRID=GHDV8G9X47Z9SKQPH373
81,山善 扇風機 30cm  ホワイト AMT-KC30(W),"¥3,035",https://www.amazon.co.jp/%E3%80%90Amazon-co-jp%E9%99%90%E5%AE%9A%E3%80%91%E5%B1%B1%E5%96%84-%E6%8A%BC%E3%81%97%E3%83%9C%E3%82%BF%E3%83%B3%E3%82%B9%E3%82%A4%E3%83%83%E3%83%81-%E9%A2%A8%E9%87%8F%E8%AA%BF%E7%AF%803%E6%AE%B5%E9%9A%8E-%E3%82%BF%E3%82%A4%E3%83%9E%E3%83%BC%E6%A9%9F%E8%83%BD%E4%BB%98%E3%81%8D-AMT-KC30/dp/B07PT46Y3X/ref=zg_bs_124048011_7?_encoding=UTF8&psc=1&refRID=N1A9NYCHRCHZYT4QFWCP
82,SALONIA サロニア ストレートヒートブラシ スリム ブラック,"3,675",https://www.amazon.co.jp/SALONIA-%E3%82%B5%E3%83%AD%E3%83%8B%E3%82%A2-%E3%82%B9%E3%83%88%E3%83%AC%E3%83%BC%E3%83%88%E3%83%92%E3%83%BC%E3%83%88%E3%83%96%E3%83%A9%E3%82%B7-%E3%83%96%E3%83%A9%E3%83%83%E3%82%AF-MAX210%E2%84%83/dp/B07XRHQ7Z6/ref=zg_bs_124048011_28?_encoding=UTF8&psc=1&refRID=N1A9NYCHRCHZYT4QFWCP
83,BRUNO ブルーノ マルチスティックブレンダー アタッチメント  BOE034-IV,"5,900",https://www.amazon.co.jp/BRUNO-BOE034-IV-BRUNO-%E3%83%9E%E3%83%AB%E3%83%81%E3%82%B9%E3%83%86%E3%82%A3%E3%83%83%E3%82%AF%E3%83%96%E3%83%AC%E3%83%B3%E3%83%80%E3%83%BC%EF%BC%8F%E3%83%96%E3%83%AB%E3%83%BC%E3%83%8E-%E3%83%AF%E3%83%B3%E3%82%B5%E3%82%A4%E3%82%BA-%E3%82%A2%E3%82%A4%E3%83%9C%E3%83%AA%E3%83%BC/dp/B075T86X63/ref=zg_bs_124048011_55?_encoding=UTF8&psc=1&refRID=GHDV8G9X47Z9SKQPH373
84,美容ローラー,"3,319",https://www.amazon.co.jp/%E3%80%90%E6%9C%80%E6%96%B0%E7%89%88%E3%80%91-%E7%BE%8E%E5%AE%B9%E3%83%AD%E3%83%BC%E3%83%A9%E3%83%BC-%E7%BE%8E%E9%A1%94%E3%83%AD%E3%83%BC%E3%83%A9%E3%83%BC-%E5%B0%8F%E9%A1%94%E3%83%AD%E3%83%BC%E3%83%A9%E3%83%BC-%E3%83%9E%E3%82%A4%E3%82%AF%E3%83%AD%E3%82%AB%E3%83%AC%E3%83%B3%E3%83%88/dp/B07HXRH2KS/ref=zg_bs_124048011_76?_encoding=UTF8&psc=1&refRID=GHDV8G9X47Z9SKQPH373
85,アイリスオーヤマ ヨーグルトメーカー プレミアム  ホワイト IYM-012,"4,900",https://www.amazon.co.jp/%E3%82%A2%E3%82%A4%E3%83%AA%E3%82%B9%E3%82%AA%E3%83%BC%E3%83%A4%E3%83%9E-%E3%83%A8%E3%83%BC%E3%82%B0%E3%83%AB%E3%83%88%E3%83%A1%E3%83%BC%E3%82%AB%E3%83%BC-%E3%83%97%E3%83%AC%E3%83%9F%E3%82%A2%E3%83%A0-%E6%B8%A9%E5%BA%A6%E8%AA%BF%E7%AF%80%E6%A9%9F%E8%83%BD%E4%BB%98%E3%81%8D-IYM-012/dp/B01M8HZ4FO/ref=zg_bs_124048011_80?_encoding=UTF8&psc=1&refRID=GHDV8G9X47Z9SKQPH373
86,イワタニ フッ素加工 たこ焼きプレート CB-P-TAF,"3,150",https://www.amazon.co.jp/Iwatani-%E3%82%A4%E3%83%AF%E3%82%BF%E3%83%8B-CB-P-TAF-%E3%83%95%E3%83%83%E7%B4%A0%E5%8A%A0%E5%B7%A5-%E3%81%9F%E3%81%93%E7%84%BC%E3%81%8D%E3%83%97%E3%83%AC%E3%83%BC%E3%83%88/dp/B0098HKKL0/ref=zg_bs_124048011_81?_encoding=UTF8&psc=1&refRID=GHDV8G9X47Z9SKQPH373
87,audorx ホットビューラー まつげくるん usb充電式,"2,199",https://www.amazon.co.jp/%E3%83%9B%E3%83%83%E3%83%88%E3%83%93%E3%83%A5%E3%83%BC%E3%83%A9%E3%83%BC-24%E6%99%82%E9%96%93%E3%82%AD%E3%83%BC%E3%83%97-%E6%B8%A9%E5%BA%A6%E6%84%9F%E7%9F%A5%E3%82%B7%E3%83%AA%E3%82%B3%E3%83%B3%E4%BB%98%E3%81%8D-%E7%81%AB%E5%82%B7%E9%98%B2%E6%AD%A2%E3%83%87%E3%82%B6%E3%82%A4%E3%83%B3-RH-1802/dp/B07CJH4X3J/ref=zg_bs_124048011_82?_encoding=UTF8&psc=1&refRID=GHDV8G9X47Z9SKQPH373
88,口腔洗浄器 BEST TOPONE ジェットウォッシャー 口腔洗浄機 300ml ,"4,580",https://www.amazon.co.jp/%E3%80%902020%E6%9C%80%E6%96%B0%E6%94%B9%E8%89%AF%E7%89%88%E3%80%91%E5%8F%A3%E8%85%94%E6%B4%97%E6%B5%84%E5%99%A8-%E3%82%B8%E3%82%A7%E3%83%83%E3%83%88%E3%82%A6%E3%82%A9%E3%83%83%E3%82%B7%E3%83%A3%E3%83%BC-%E6%9B%BF%E3%81%88%E3%83%8E%E3%82%BA%E3%83%AB6%E6%9C%AC-%E6%AD%AF%E9%96%93%E3%82%B8%E3%82%A7%E3%83%83%E3%83%88%E6%B4%97%E6%B5%84-%E6%97%A5%E6%9C%AC%E8%AA%9E%E5%8F%96%E6%89%B1%E8%AA%AC%E6%98%8E%E6%9B%B8%E4%BB%98%E3%81%8D/dp/B0838CFYL2/ref=zg_bs_124048011_84?_encoding=UTF8&psc=1&refRID=GHDV8G9X47Z9SKQPH373
89,Naipo マッサージ枕,"3,980",https://www.amazon.co.jp/Naipo-%E3%83%95%E3%83%83%E3%83%88%E3%83%9E%E3%83%83%E3%82%B5%E3%83%BC%E3%82%B8%E3%83%A3%E3%83%BC-%E3%83%9E%E3%83%83%E3%82%B5%E3%83%BC%E3%82%B8%E3%82%AF%E3%83%83%E3%82%B7%E3%83%A7%E3%83%B3-%E9%A6%96%E3%83%BB%E8%82%A9%E3%83%BB%E8%85%B0%E3%83%BB%E8%83%8C%E4%B8%AD%E3%83%BB%E5%A4%AA%E3%82%82%E3%82%82-%E5%AE%B6%E5%BA%AD%E7%94%A8%EF%BC%86%E8%81%B7%E5%A0%B4%E7%94%A8%EF%BC%86%E8%BB%8A%E7%94%A8/dp/B07S8WS8HQ/ref=zg_bs_124048011_96?_encoding=UTF8&psc=1&refRID=GHDV8G9X47Z9SKQPH373
90,ルフィエール ワインセラー 12本収納 日本メーカー製ペルチェ使用 LW-S12,"17,000",https://www.amazon.co.jp/%E3%83%AB%E3%83%95%E3%82%A3%E3%82%A8%E3%83%BC%E3%83%AB-%E3%83%AF%E3%82%A4%E3%83%B3%E3%82%BB%E3%83%A9%E3%83%BC-12%E6%9C%AC%E5%8F%8E%E7%B4%8D-%E6%97%A5%E6%9C%AC%E3%83%A1%E3%83%BC%E3%82%AB%E3%83%BC%E8%A3%BD%E3%83%9A%E3%83%AB%E3%83%81%E3%82%A7%E4%BD%BF%E7%94%A8-LW-S12/dp/B0064JBW6W/ref=zg_bs_appliances_49?_encoding=UTF8&psc=1&refRID=RWAVW8TVRT50ZDKXQ0ZY
91,アテックス ATEX ルルド ハンドケア ホワイト AX-HXL1805wh,11000,https://www.amazon.co.jp/%E3%82%A2%E3%83%86%E3%83%83%E3%82%AF%E3%82%B9-ATEX-%E3%83%8F%E3%83%B3%E3%83%89%E3%82%B1%E3%82%A2-%E3%83%9B%E3%83%AF%E3%82%A4%E3%83%88-AX-HXL1805wh/dp/B086DWN1J5/ref=zg_bsnr_124048011_49?_encoding=UTF8&psc=1&refRID=6B6ST2NT42Y2ZT9W8015
92,OXO BREW コールドブリュー 濃縮コーヒーメーカー,"4,361",https://www.amazon.co.jp/OXO-%E3%82%AA%E3%82%AF%E3%82%BD%E3%83%BC-11237500-%E3%82%B3%E3%83%BC%E3%83%AB%E3%83%89%E3%83%96%E3%83%AA%E3%83%A5%E3%83%BC-%E6%BF%83%E7%B8%AE%E3%82%B3%E3%83%BC%E3%83%92%E3%83%BC%E3%83%A1%E3%83%BC%E3%82%AB%E3%83%BC/dp/B07HB3GH6W/ref=zg_bsnr_124048011_81?_encoding=UTF8&psc=1&refRID=ZAM5Y2Q78K1YQXCDH1YM
93,ファイナルファンタジーVII リメイク - PS4,"8,080",https://www.amazon.co.jp/dp/B07SFY368H/ref=s9_acsd_ri_bw_c2_x_0_t?pf_rd_m=A3P5ROKL5A1OLE&pf_rd_s=merchandised-search-6&pf_rd_r=9YVF8FKMW3P9XTJ6AREW&pf_rd_t=101&pf_rd_p=7766bae9-76f1-4ebf-88c8-7fee3afbc135&pf_rd_i=2494234051
94,あつまれ どうぶつの森 -Switch,"5,673",https://www.amazon.co.jp/%E4%BB%BB%E5%A4%A9%E5%A0%82-%E3%81%82%E3%81%A4%E3%81%BE%E3%82%8C-%E3%81%A9%E3%81%86%E3%81%B6%E3%81%A4%E3%81%AE%E6%A3%AE-Switch/dp/B084HPGQ9W/ref=sr_1_1?__mk_ja_JP=%E3%82%AB%E3%82%BF%E3%82%AB%E3%83%8A&dchild=1&keywords=switch+%E3%81%82%E3%81%A4%E3%82%82%E3%82%8A&qid=1589136748&sr=8-1
95,Astro ミックスアンプ プロ MixAmp Pro TR MAPTR-002 ブラック ヘッドセット,"14,800",https://www.amazon.co.jp/%E3%83%9F%E3%83%83%E3%82%AF%E3%82%B9%E3%82%A2%E3%83%B3%E3%83%97-MixAmp-MAPTR-002-%E3%82%B5%E3%82%A6%E3%83%B3%E3%83%89%E3%82%AB%E3%83%BC%E3%83%89-2%E5%B9%B4%E9%96%93%E3%83%A1%E3%83%BC%E3%82%AB%E3%83%BC%E4%BF%9D%E8%A8%BC/dp/B07SR8LZ12?ref_=s9_apbd_otopr_hd_bw_b2inYDT&pf_rd_r=9YVF8FKMW3P9XTJ6AREW&pf_rd_p=7e1bace1-c0ce-5ba4-8876-774d83aec735&pf_rd_s=merchandised-search-10&pf_rd_t=BROWSE&pf_rd_i=2494234051
96,YABAE 目覚まし時計 ライト ホワイト MY-09,"3,999",https://www.amazon.co.jp/%E7%9B%AE%E8%A6%9A%E3%81%BE%E3%81%97%E3%83%A9%E3%82%A4%E3%83%88-YABAE-%E3%82%A6%E3%82%A7%E3%82%A4%E3%82%AF%E3%82%A2%E3%83%83%E3%83%97%E3%83%A9%E3%82%A4%E3%83%88-%E3%82%AF%E3%83%AD%E3%83%83%E3%82%AF%E3%83%A9%E3%82%B8%E3%82%AA-%E3%83%99%E3%83%83%E3%83%89%E3%82%B5%E3%82%A4%E3%83%89%E3%83%A9%E3%83%B3%E3%83%97/dp/B07KSQ1ZGP/ref=sr_1_1_sspa?__mk_ja_JP=%E3%82%AB%E3%82%BF%E3%82%AB%E3%83%8A&crid=33PY1I8X7YOQA&dchild=1&keywords=%E7%9B%AE%E8%A6%9A%E3%81%BE%E3%81%97%E6%99%82%E8%A8%88&qid=1589138034&sprefix=%E7%9B%AE%E8%A6%9A%E3%81%BE%E3%81%97%2Caps%2C277&sr=8-1-spons&psc=1&spLa=ZW5jcnlwdGVkUXVhbGlmaWVyPUExQ0U2M0lNSE40WE5HJmVuY3J5cHRlZElkPUEwNDQ5MTUyMTFVSVFUR0c3VUNXTyZlbmNyeXB0ZWRBZElkPUExUVlZMlZIWEZHS0pWJndpZGdldE5hbWU9c3BfYXRmJmFjdGlvbj1jbGlja1JlZGlyZWN0JmRvTm90TG9nQ2xpY2s9dHJ1ZQ==
97,象印 電気圧力鍋 1.5L 煮込み自慢 ボルドー EL-MB30AM-VD,"27,064",https://www.amazon.co.jp/%E9%9B%BB%E6%B0%97%E5%9C%A7%E5%8A%9B%E9%8D%8B-1-5L-%E7%85%AE%E8%BE%BC%E3%81%BF%E8%87%AA%E6%85%A2-%E3%83%9C%E3%83%AB%E3%83%89%E3%83%BC-EL-MB30AM-VD/dp/B07FCMR87Y/ref=sr_1_1_sspa?__mk_ja_JP=%E3%82%AB%E3%82%BF%E3%82%AB%E3%83%8A&dchild=1&keywords=%E5%9C%A7%E5%8A%9B%E3%81%AA%E3%81%B9&qid=1589138102&sr=8-1-spons&psc=1&spLa=ZW5jcnlwdGVkUXVhbGlmaWVyPUExMjJVOUVSRFozNFNFJmVuY3J5cHRlZElkPUEwNTE2MzI3MUo0SVMzQ1FQM0dDTyZlbmNyeXB0ZWRBZElkPUEyMjZRT1EyWTA2NjJPJndpZGdldE5hbWU9c3BfYXRmJmFjdGlvbj1jbGlja1JlZGlyZWN0JmRvTm90TG9nQ2xpY2s9dHJ1ZQ==
98,ダイソン 掃除機 コードレス Dyson V7 Slim SV11 SLM,"35,369",https://www.amazon.co.jp/%E3%83%80%E3%82%A4%E3%82%BD%E3%83%B3-Dyson-SV11-SLM-%E3%80%90%E6%97%A5%E6%9C%AC%E3%81%AE%E4%BD%8F%E5%B1%85%E3%81%AB%E5%90%88%E3%82%8F%E3%81%9B%E3%81%A6%E8%A8%AD%E8%A8%88%E3%80%81%E5%B0%8F%E5%9E%8B%E8%BB%BD%E9%87%8F%E5%8C%96%E3%80%91/dp/B07PLQ9VZP/ref=sr_1_7?__mk_ja_JP=%E3%82%AB%E3%82%BF%E3%82%AB%E3%83%8A&dchild=1&keywords=%E3%83%80%E3%82%A4%E3%82%BD%E3%83%B3+%E6%8E%83%E9%99%A4%E6%A9%9F&qid=1589138188&sr=8-7
99,パナソニック 32V型 液晶 テレビ ビエラ TH-32F300 ハイビジョン,"36,800",https://www.amazon.co.jp/%E3%83%91%E3%83%8A%E3%82%BD%E3%83%8B%E3%83%83%E3%82%AF-32V%E5%9E%8B-VIERA-TH-32F300-%E3%83%8F%E3%82%A4%E3%83%93%E3%82%B8%E3%83%A7%E3%83%B3/dp/B07BMZ953T/ref=sr_1_5?__mk_ja_JP=%E3%82%AB%E3%82%BF%E3%82%AB%E3%83%8A&dchild=1&keywords=%E3%83%86%E3%83%AC%E3%83%93+32&qid=1589138388&sr=8-5
100,ネスプレッソ コーヒーメーカー イニッシア ルビーレッド C40RE,"10,265",https://www.amazon.co.jp/%E3%83%8D%E3%82%B9%E3%83%97%E3%83%AC%E3%83%83%E3%82%BD-%E3%82%B3%E3%83%BC%E3%83%92%E3%83%BC%E3%83%A1%E3%83%BC%E3%82%AB%E3%83%BC-%E3%82%A4%E3%83%8B%E3%83%83%E3%82%B7%E3%82%A2-%E3%83%AB%E3%83%93%E3%83%BC%E3%83%AC%E3%83%83%E3%83%89-C40RE/dp/B00IIFDY6G/ref=sr_1_1_sspa?__mk_ja_JP=%E3%82%AB%E3%82%BF%E3%82%AB%E3%83%8A&dchild=1&keywords=%E3%82%B3%E3%83%BC%E3%83%92%E3%83%BC%E3%83%A1%E3%83%BC%E3%82%AB%E3%83%BC&qid=1589138514&sr=8-1-spons&psc=1&spLa=ZW5jcnlwdGVkUXVhbGlmaWVyPUEyR0JGRVNETFBMSTdEJmVuY3J5cHRlZElkPUEwODk3OTM1RU82M1ZFSVc4NDhJJmVuY3J5cHRlZEFkSWQ9QTI5MEQwRzZLVzdKUDAmd2lkZ2V0TmFtZT1zcF9hdGYmYWN0aW9uPWNsaWNrUmVkaXJlY3QmZG9Ob3RMb2dDbGljaz10cnVl
101,マリオカート8 デラックス - Switch,"5,518",https://www.amazon.co.jp/%E4%BB%BB%E5%A4%A9%E5%A0%82-%E3%83%9E%E3%83%AA%E3%82%AA%E3%82%AB%E3%83%BC%E3%83%888-%E3%83%87%E3%83%A9%E3%83%83%E3%82%AF%E3%82%B9-Switch/dp/B01N12G06K/ref=zg_bs_videogames_8?_encoding=UTF8&psc=1&refRID=N7EV1TN1VJ5MJ6SMT8T1
102,Nintendo Switch Proコントローラー,"6,764",https://www.amazon.co.jp/%E4%BB%BB%E5%A4%A9%E5%A0%82-Nintendo-Switch-Pro%E3%82%B3%E3%83%B3%E3%83%88%E3%83%AD%E3%83%BC%E3%83%A9%E3%83%BC/dp/B01NCX3W3O/ref=zg_bs_videogames_3?_encoding=UTF8&psc=1&refRID=N7EV1TN1VJ5MJ6SMT8T1
103,【PS4】The Last of Us Part II【早期購入特典】,"6,209",https://www.amazon.co.jp/gp/product/B07YC9WLXD/ref=zg_bs_videogames_4?ie=UTF8&blackCurtainKey=cero-black-curtain&psc=1&redirect=true
104,【PS4】Ghost of Tsushima (ゴースト オブ ツシマ) 【早期購入特典,"6,078",https://www.amazon.co.jp/%E3%80%90PS4%E3%80%91Ghost-%E3%80%90%E6%97%A9%E6%9C%9F%E8%B3%BC%E5%85%A5%E7%89%B9%E5%85%B8%E3%80%91%E3%83%87%E3%82%B8%E3%82%BF%E3%83%AB-%E3%83%9F%E3%83%8B%E3%82%B5%E3%82%A6%E3%83%B3%E3%83%89%E3%83%88%E3%83%A9%E3%83%83%E3%82%AF-%E3%83%BB%E3%80%8C%E4%BB%81%E3%80%8D%E3%83%80%E3%82%A4%E3%83%8A%E3%83%9F%E3%83%83%E3%82%AF%E3%83%86%E3%83%BC%E3%83%9E-%E3%80%90CERO%E3%83%AC%E3%83%BC%E3%83%86%E3%82%A3%E3%83%B3%E3%82%B0%E3%80%8CZ%E3%80%8D%E3%80%91/dp/B085K45JDB/ref=zg_bs_videogames_5?_encoding=UTF8&psc=1&refRID=N7EV1TN1VJ5MJ6SMT8T1
105,Razer Kraken Black ゲーミングヘッドセット  RZ04-02830100-R3M1,"7,980",https://www.amazon.co.jp/Razer-%E3%82%B2%E3%83%BC%E3%83%9F%E3%83%B3%E3%82%B0%E3%83%98%E3%83%83%E3%83%89%E3%82%BB%E3%83%83%E3%83%88-%E3%82%B9%E3%83%9E%E3%83%BC%E3%83%88%E3%83%95%E3%82%A9%E3%83%B3-%E5%86%B7%E5%8D%B4%E3%82%B8%E3%82%A7%E3%83%AB%E3%83%91%E3%83%83%E3%83%89%E3%80%90%E6%97%A5%E6%9C%AC%E6%AD%A3%E8%A6%8F%E4%BB%A3%E7%90%86%E5%BA%97%E4%BF%9D%E8%A8%BC%E5%93%81%E3%80%91-RZ04-02830100-R3M1/dp/B07NJQ1YBY/ref=zg_bs_videogames_19?_encoding=UTF8&psc=1&refRID=N7EV1TN1VJ5MJ6SMT8T1
106,iPhone HDMI 変換 アダプタ ,"2,076",https://www.amazon.co.jp/%E3%80%902020%E4%BB%A4%E5%92%8C%E6%9C%80%E6%96%B0%E7%89%88%E3%80%91iPhone-%E3%83%A9%E3%82%A4%E3%83%88%E3%83%8B%E3%83%B3%E3%82%B0-%E6%8E%A5%E7%B6%9A%E3%82%B1%E3%83%BC%E3%83%96%E3%83%AB-iPhoneX-IOS13%E5%AF%BE%E5%BF%9C/dp/B085ZTGCKX/ref=zg_bsms_electronics_8?_encoding=UTF8&psc=1&refRID=HB0ZBPSWDWBEMV18W0BG
107,SHARP SIMフリースマホ AQUOS sense3 ブラック SH-M12-B,34000,https://www.amazon.co.jp/SHARP-SIM%E3%83%95%E3%83%AA%E3%83%BC%E3%82%B9%E3%83%9E%E3%83%9B-AQUOS-sense3-SH-M12-B/dp/B081QGQ26F/ref=zg_bsms_electronics_10?_encoding=UTF8&psc=1&refRID=HB0ZBPSWDWBEMV18W0BG
108,Semiro タッチペン 1.45mm (ブラック),"2,950",https://www.amazon.co.jp/Rechargeable-Smartphone-Compatible-Sensitivity-Lightweight/dp/B07C7YMS88/ref=zg_bs_electronics_98?_encoding=UTF8&psc=1&refRID=HXK94F8VNAHK1007W8YC
109,HUAWEI P30 Lite ピーコックブルー ,"27,782",https://www.amazon.co.jp/P30-LITE-BLUE-HUAWEI-P30lite/dp/B07R8GC16F/ref=sr_1_3?__mk_ja_JP=%E3%82%AB%E3%82%BF%E3%82%AB%E3%83%8A&dchild=1&keywords=%E3%82%B9%E3%83%9E%E3%83%9B&qid=1589723605&rnid=2321267051&s=electronics&sr=1-3
110,OUKITEL C15 PRO+ SIMフリースマートフォン Android 9.0 6.088インチ,"10,699",https://www.amazon.co.jp/OUKITEL-C15-PRO-SIM%E3%83%95%E3%83%AA%E3%83%BC%E3%82%B9%E3%83%9E%E3%83%BC%E3%83%88%E3%83%95%E3%82%A9%E3%83%B3-6-088%E3%82%A4%E3%83%B3%E3%83%8119-5/dp/B07STNKQP2/ref=sr_1_4?__mk_ja_JP=%E3%82%AB%E3%82%BF%E3%82%AB%E3%83%8A&dchild=1&keywords=%E3%82%B9%E3%83%9E%E3%83%9B&qid=1589723605&rnid=2321267051&s=electronics&sr=1-4
111,UMIDIGI A3S SIMフリースマートフォン Android 10 HD+ 5.5インチ,"10,969",https://www.amazon.co.jp/UMIDIGI-A3S-Double-Sided-Recognition-Authentication/dp/B083NZ92DC/ref=sr_1_6?__mk_ja_JP=%E3%82%AB%E3%82%BF%E3%82%AB%E3%83%8A&dchild=1&keywords=%E3%82%B9%E3%83%9E%E3%83%9B&qid=1589723605&rnid=2321267051&s=electronics&sr=1-6
112,自撮り棒 Bluetooth セルカ棒,"1,678",https://www.amazon.co.jp/%E3%80%902019%E9%80%B2%E5%8C%96%E7%89%88%E3%80%91-Bluetooth-%E6%8C%81%E3%81%A1%E9%81%8B%E3%81%B3%E3%81%AB%E4%BE%BF%E5%88%A9-iPhoneX-iPhone8/dp/B07QCN6G38/ref=zg_bs_electronics_10?_encoding=UTF8&psc=1&refRID=FYASYB8NWH8QQSQVBJGX
113,LEDリングライト - OhaYoo 外径8in USBライト 3色モード付き ,"3,980",https://www.amazon.co.jp/LED%E3%83%AA%E3%83%B3%E3%82%B0%E3%83%A9%E3%82%A4%E3%83%88-Bluetooth%E3%83%AA%E3%83%A2%E3%82%B3%E3%83%B3-%E3%82%B9%E3%83%9E%E3%83%9B%E3%82%B9%E3%82%BF%E3%83%B3%E3%83%89%E4%BB%98%E3%81%8D-YouTube%E7%94%9F%E6%94%BE%E9%80%81-%E3%83%93%E3%83%87%E3%82%AA%E3%82%AB%E3%83%A1%E3%83%A9%E6%92%AE%E5%BD%B1%E7%94%A8/dp/B07T8ZRDDF/ref=zg_bs_electronics_49?_encoding=UTF8&psc=1&refRID=FYASYB8NWH8QQSQVBJGX
114,VRヘッドセット 3D VRヘッドマウントディスプレ モバイル型 ,"3,280",https://www.amazon.co.jp/%E4%BB%A4%E5%92%8C%E9%80%B2%E5%8C%96%E5%9E%8BVR%E3%82%B4%E3%83%BC%E3%82%B0%E3%83%AB-VR%E3%83%98%E3%83%83%E3%83%89%E3%83%9E%E3%82%A6%E3%83%B3%E3%83%88%E3%83%87%E3%82%A3%E3%82%B9%E3%83%97%E3%83%AC-4-7%EF%BD%9E6-5%E3%82%A4%E3%83%B3%E3%83%81%E3%82%B9%E3%83%9E%E3%83%9B-Bluetooth%E3%82%B3%E3%83%B3%E3%83%88%E3%83%AD%E3%83%BC%E3%83%A9%E4%BB%98-4-7%EF%BD%9E6-5%E3%82%A4%E3%83%B3%E3%83%81/dp/B084VHBF9W/ref=zg_bs_electronics_54?_encoding=UTF8&psc=1&refRID=NVR8EDQB1BVTYRWKAACC
